,name,r,g,b,Pixels_Count,Weights,True Weights
0,urban_land,0,255,255,462977730.0,0.11,1.336912497158032
1,agriculture_land,255,255,0,2493862765.0,0.58,0.24819357417321927
2,rangeland,255,0,255,365006787.0,0.08,1.6957512440525033
3,forest_land,0,255,0,497039097.0,0.11,1.2452958265833505
4,water,0,0,255,151396354.0,0.03,4.088346230206159
5,barren_land,255,255,255,360000511.0,0.08,1.7193328737882183
6,unknown,0,0,0,2441748.0,0.0,0.001
